<?xml version="1.0" encoding="UTF-8"?>
<configuration  scan="true" scanPeriod="10 seconds">
    <contextName>logback</contextName>
    <property name="CONSOLE_LOG_PATTERN" value="%d{HH:mm:ss.SSS} [%thread] %-5level %logger{36} - %msg%n"/>
    <appender name="CONSOLE" class="ch.qos.logback.core.ConsoleAppender">
        <encoder>
            <Pattern>${CONSOLE_LOG_PATTERN}</Pattern>
            <charset>UTF-8</charset>
        </encoder>
    </appender>
    <root level="info">
        <appender-ref ref="CONSOLE" />
    </root>
</configuration>